{"cameraMode":{"drawMode":0,"name":"Shaded","section":"Shading Mode"},"sceneLighting":true,"audioPlay":false,"sceneViewState":{"showFog":true,"showMaterialUpdate":false,"showSkybox":true,"showFlares":true,"showImageEffects":true,"showParticleSystems":true},"in2DMode":false,"pivot":{"x":15.038178443908692,"y":2.686189651489258,"z":25.380462646484376},"rotation":{"x":0.10181218385696411,"y":0.016414716839790345,"z":-0.0017017548670992256,"w":0.99469393491745},"size":17.398683547973634,"orthographic":false}